Index,Residue,Prediction
0,M,0
1,T,1
2,E,1
3,Y,1
4,K,0
5,L,0
6,V,0
7,V,0
8,V,0
9,G,0
10,A,0
11,V,0
12,G,0
13,V,0
14,G,0
15,K,0
16,S,0
17,A,0
18,L,0
19,T,0
20,I,1
21,Q,1
22,L,1
23,I,1
24,Q,0
25,N,1
26,H,1
27,F,0
28,V,1
29,D,0
30,E,1
31,Y,0
32,D,0
33,P,0
34,T,0
35,I,0
36,E,0
37,D,0
38,S,0
39,Y,0
40,R,0
41,K,1
42,Q,1
43,V,1
44,V,0
45,I,0
46,D,0
47,G,0
48,E,0
49,T,1
50,C,1
51,L,1
52,L,1
53,D,1
54,I,1
55,L,1
56,D,0
57,T,0
58,A,0
59,G,0
60,Q,1
61,E,0
62,E,0
63,Y,1
64,S,1
65,A,0
66,M,1
67,R,1
68,D,1
69,Q,0
70,Y,1
71,M,1
72,R,0
73,T,0
74,G,0
75,E,0
76,G,0
77,F,0
78,L,0
79,C,0
80,V,0
81,F,0
82,A,0
83,I,0
84,N,0
85,N,0
86,T,1
87,K,0
88,S,1
89,F,1
90,E,0
91,D,1
92,I,1
93,H,0
94,H,0
95,Y,1
96,R,1
97,E,1
98,Q,1
99,I,1
100,K,1
101,R,0
102,V,1
103,K,1
104,D,1
105,S,1
106,E,0
107,D,0
108,V,0
109,P,0
110,M,0
111,V,0
112,L,0
113,V,0
114,G,0
115,N,0
116,K,0
117,C,1
118,D,0
119,L,0
120,P,0
121,S,1
122,R,1
123,T,0
124,V,1
125,D,1
126,T,1
127,K,1
128,Q,1
129,A,1
130,Q,1
131,D,0
132,L,1
133,A,1
134,R,0
135,S,0
136,Y,1
137,G,0
138,I,0
139,P,0
140,F,0
141,I,0
142,E,0
143,T,0
144,S,0
145,A,0
146,K,0
147,T,0
148,R,1
149,Q,1
150,G,1
151,V,1
152,D,0
153,D,0
154,A,1
155,F,1
156,Y,0
157,T,0
158,L,0
159,V,1
160,R,0
161,E,1
162,I,1
163,R,0
,,
,,
,,
,,
