Residue,Prediction
M,0
V,1
H,0
L,0
T,0
P,0
E,1
E,1
K,1
S,0
A,1
V,1
T,0
A,0
L,0
W,0
G,0
K,0
V,0
N,0
V,1
D,1
E,0
V,0
G,0
G,0
E,0
A,0
L,0
G,0
R,0
L,0
L,0
V,0
V,0
Y,1
P,0
W,0
T,1
Q,1
R,0
F,0
F,1
E,0
S,0
F,1
G,0
D,0
L,1
S,1
T,1
P,1
D,1
A,1
V,1
M,0
G,0
N,1
P,0
K,1
V,1
K,1
A,0
H,0
G,0
K,0
K,0
V,0
L,0
G,0
A,0
F,1
S,1
D,0
G,1
L,1
A,0
H,1
L,1
D,1
N,1
L,1
K,1
G,0
T,0
F,1
A,1
T,0
L,1
S,1
E,1
L,0
H,1
C,1
D,0
K,0
L,1
H,0
V,1
D,1
P,0
E,0
N,0
F,0
R,0
L,0
L,0
G,0
N,0
V,0
L,1
V,1
C,0
V,0
L,0
A,0
H,0
H,0
F,0
G,0
K,0
E,0
F,0
T,0
P,0
P,0
V,1
Q,1
A,0
A,1
Y,1
Q,0
K,0
V,1
V,0
A,0
G,0
V,0
A,1
N,0
A,0
L,0
A,0
H,0
K,1
Y,0
H,0
