ASA,SEC_STR,ASA_PER,seq,residue_depth,contact_count,hb_donor,hb_acceptor,all_abs,all_real,sc_abs,sc_real,mc_abs,mc_real,Non_polar_abs,Non_polar_real,polar_abs,polar_real
151.0,Coil,65.94,RMKQLEDKVEELLSKQYHLENEVARLKKLVGERMKQLEDKVEELLSKQYHLENEVARLKKLVGERMKQLEDKVEELLSKQYHLENEVARLKKLVGE,1.86,26,0,2,153.01,64.2,113.44,57.8,39.57,94.2,62.13,84.9,90.88,55.1
66.0,Coil,32.98,RMKQLEDKVEELLSKQYHLENEVARLKKLVGERMKQLEDKVEELLSKQYHLENEVARLKKLVGERMKQLEDKVEELLSKQYHLENEVARLKKLVGE,2.17,0,0,3,69.81,36.2,67.56,44.7,2.25,5.3,65.02,55.3,4.79,6.3
138.0,Helix,67.09,RMKQLEDKVEELLSKQYHLENEVARLKKLVGERMKQLEDKVEELLSKQYHLENEVARLKKLVGERMKQLEDKVEELLSKQYHLENEVARLKKLVGE,2.08,0,3,3,141.04,68.8,140.21,86.0,0.83,2.0,83.20,74.9,57.84,61.6
63.0,Helix,35.27,RMKQLEDKVEELLSKQYHLENEVARLKKLVGERMKQLEDKVEELLSKQYHLENEVARLKKLVGERMKQLEDKVEELLSKQYHLENEVARLKKLVGE,1.89,0,3,5,58.73,32.8,48.25,35.3,10.47,24.9,38.24,81.4,20.49,15.5
0.0,Helix,0.0,RMKQLEDKVEELLSKQYHLENEVARLKKLVGERMKQLEDKVEELLSKQYHLENEVARLKKLVGERMKQLEDKVEELLSKQYHLENEVARLKKLVGE,4.49,0,2,5,0.00,0.0,0.00,0.0,0.00,0.0,0.00,0.0,0.00,0.0
65.0,Helix,37.21,RMKQLEDKVEELLSKQYHLENEVARLKKLVGERMKQLEDKVEELLSKQYHLENEVARLKKLVGERMKQLEDKVEELLSKQYHLENEVARLKKLVGE,1.87,0,3,4,63.03,36.2,52.43,39.7,10.60,25.2,20.63,39.9,42.39,34.6
92.0,Helix,63.84,RMKQLEDKVEELLSKQYHLENEVARLKKLVGERMKQLEDKVEELLSKQYHLENEVARLKKLVGERMKQLEDKVEELLSKQYHLENEVARLKKLVGE,1.78,0,5,4,79.60,55.8,69.10,68.8,10.50,24.8,25.61,60.3,53.99,53.8
43.0,Helix,20.9,RMKQLEDKVEELLSKQYHLENEVARLKKLVGERMKQLEDKVEELLSKQYHLENEVARLKKLVGERMKQLEDKVEELLSKQYHLENEVARLKKLVGE,2.76,0,6,4,46.41,22.6,46.14,28.3,0.27,0.6,30.16,27.1,16.25,17.3
7.0,Helix,4.55,RMKQLEDKVEELLSKQYHLENEVARLKKLVGERMKQLEDKVEELLSKQYHLENEVARLKKLVGERMKQLEDKVEELLSKQYHLENEVARLKKLVGE,2.38,0,3,3,6.16,4.1,6.16,5.6,0.00,0.0,6.16,5.4,0.00,0.0
117.0,Helix,66.97,RMKQLEDKVEELLSKQYHLENEVARLKKLVGERMKQLEDKVEELLSKQYHLENEVARLKKLVGERMKQLEDKVEELLSKQYHLENEVARLKKLVGE,1.87,0,3,4,107.73,61.8,107.38,81.2,0.34,0.8,42.63,82.5,65.10,53.1
67.0,Helix,38.35,RMKQLEDKVEELLSKQYHLENEVARLKKLVGERMKQLEDKVEELLSKQYHLENEVARLKKLVGERMKQLEDKVEELLSKQYHLENEVARLKKLVGE,1.88,0,3,5,62.50,35.9,59.38,44.9,3.12,7.4,23.98,46.4,38.52,31.5
2.0,Helix,1.09,RMKQLEDKVEELLSKQYHLENEVARLKKLVGERMKQLEDKVEELLSKQYHLENEVARLKKLVGERMKQLEDKVEELLSKQYHLENEVARLKKLVGE,5.56,0,3,5,2.26,1.3,2.26,1.6,0.00,0.0,2.26,1.6,0.00,0.0
55.0,Helix,30.04,RMKQLEDKVEELLSKQYHLENEVARLKKLVGERMKQLEDKVEELLSKQYHLENEVARLKKLVGERMKQLEDKVEELLSKQYHLENEVARLKKLVGE,2.46,0,3,3,55.89,31.1,48.75,34.9,7.15,18.0,49.02,34.4,6.87,18.5
67.0,Helix,57.17,RMKQLEDKVEELLSKQYHLENEVARLKKLVGERMKQLEDKVEELLSKQYHLENEVARLKKLVGERMKQLEDKVEELLSKQYHLENEVARLKKLVGE,1.85,0,4,2,60.64,51.2,48.44,64.6,12.20,28.1,16.93,36.1,43.71,61.2
83.0,Helix,40.35,RMKQLEDKVEELLSKQYHLENEVARLKKLVGERMKQLEDKVEELLSKQYHLENEVARLKKLVGERMKQLEDKVEELLSKQYHLENEVARLKKLVGE,2.15,0,4,3,85.00,41.5,82.17,50.4,2.82,6.7,36.11,32.5,48.88,52.1
2.0,Helix,1.12,RMKQLEDKVEELLSKQYHLENEVARLKKLVGERMKQLEDKVEELLSKQYHLENEVARLKKLVGERMKQLEDKVEELLSKQYHLENEVARLKKLVGE,4.37,0,6,3,2.32,1.3,2.32,1.7,0.00,0.0,0.82,1.8,1.50,1.1
157.0,Helix,73.47,RMKQLEDKVEELLSKQYHLENEVARLKKLVGERMKQLEDKVEELLSKQYHLENEVARLKKLVGERMKQLEDKVEELLSKQYHLENEVARLKKLVGE,2.42,0,4,3,151.88,70.9,148.16,84.3,3.72,9.7,108.69,81.7,43.19,53.2
106.0,Helix,58.27,RMKQLEDKVEELLSKQYHLENEVARLKKLVGERMKQLEDKVEELLSKQYHLENEVARLKKLVGERMKQLEDKVEELLSKQYHLENEVARLKKLVGE,2.25,0,3,5,105.15,57.5,105.15,73.1,0.00,0.0,65.10,67.1,40.05,46.6
5.0,Helix,2.73,RMKQLEDKVEELLSKQYHLENEVARLKKLVGERMKQLEDKVEELLSKQYHLENEVARLKKLVGERMKQLEDKVEELLSKQYHLENEVARLKKLVGE,2.79,0,3,3,4.86,2.7,4.86,3.5,0.00,0.0,4.86,3.4,0.00,0.0
69.0,Helix,39.5,RMKQLEDKVEELLSKQYHLENEVARLKKLVGERMKQLEDKVEELLSKQYHLENEVARLKKLVGERMKQLEDKVEELLSKQYHLENEVARLKKLVGE,2.09,0,3,3,64.62,37.1,61.27,46.4,3.35,8.0,20.13,38.9,44.49,36.3
77.0,Helix,52.6,RMKQLEDKVEELLSKQYHLENEVARLKKLVGERMKQLEDKVEELLSKQYHLENEVARLKKLVGERMKQLEDKVEELLSKQYHLENEVARLKKLVGE,1.85,0,8,3,71.03,49.0,65.07,62.9,5.97,14.4,24.15,58.1,46.89,45.3
39.0,Helix,22.32,RMKQLEDKVEELLSKQYHLENEVARLKKLVGERMKQLEDKVEELLSKQYHLENEVARLKKLVGERMKQLEDKVEELLSKQYHLENEVARLKKLVGE,1.86,0,3,4,34.95,20.1,32.85,24.9,2.10,5.0,8.65,16.7,26.30,21.5
5.0,Helix,3.25,RMKQLEDKVEELLSKQYHLENEVARLKKLVGERMKQLEDKVEELLSKQYHLENEVARLKKLVGERMKQLEDKVEELLSKQYHLENEVARLKKLVGE,4.22,0,3,3,5.27,3.5,5.27,4.8,0.00,0.0,5.27,4.6,0.00,0.0
48.0,Helix,43.56,RMKQLEDKVEELLSKQYHLENEVARLKKLVGERMKQLEDKVEELLSKQYHLENEVARLKKLVGERMKQLEDKVEELLSKQYHLENEVARLKKLVGE,2.5,0,3,3,51.20,47.1,43.00,66.4,8.19,18.6,48.00,67.6,3.19,8.5
152.0,Helix,66.38,RMKQLEDKVEELLSKQYHLENEVARLKKLVGERMKQLEDKVEELLSKQYHLENEVARLKKLVGERMKQLEDKVEELLSKQYHLENEVARLKKLVGE,2.02,0,4,5,147.72,62.0,147.16,75.0,0.56,1.3,48.27,66.0,99.45,60.3
8.0,Helix,4.37,RMKQLEDKVEELLSKQYHLENEVARLKKLVGERMKQLEDKVEELLSKQYHLENEVARLKKLVGERMKQLEDKVEELLSKQYHLENEVARLKKLVGE,2.59,0,3,1,6.17,3.4,5.96,4.3,0.21,0.5,5.96,4.2,0.21,0.6
63.0,Helix,30.63,RMKQLEDKVEELLSKQYHLENEVARLKKLVGERMKQLEDKVEELLSKQYHLENEVARLKKLVGERMKQLEDKVEELLSKQYHLENEVARLKKLVGE,3.54,0,5,4,60.88,29.7,60.88,37.4,0.00,0.0,18.26,16.4,42.62,45.4
153.0,Helix,74.38,RMKQLEDKVEELLSKQYHLENEVARLKKLVGERMKQLEDKVEELLSKQYHLENEVARLKKLVGERMKQLEDKVEELLSKQYHLENEVARLKKLVGE,2.04,0,5,1,147.98,72.2,125.38,76.9,22.60,53.8,86.45,77.8,61.52,65.5
87.0,Coil,47.52,RMKQLEDKVEELLSKQYHLENEVARLKKLVGERMKQLEDKVEELLSKQYHLENEVARLKKLVGERMKQLEDKVEELLSKQYHLENEVARLKKLVGE,1.98,0,3,0,91.08,50.7,61.23,43.8,29.86,75.1,64.29,45.2,26.79,72.1
48.0,Coil,31.23,RMKQLEDKVEELLSKQYHLENEVARLKKLVGERMKQLEDKVEELLSKQYHLENEVARLKKLVGERMKQLEDKVEELLSKQYHLENEVARLKKLVGE,1.95,0,2,0,49.72,32.7,23.09,20.9,26.63,64.2,31.31,27.2,18.42,50.0
69.0,Coil,87.67,RMKQLEDKVEELLSKQYHLENEVARLKKLVGERMKQLEDKVEELLSKQYHLENEVARLKKLVGERMKQLEDKVEELLSKQYHLENEVARLKKLVGE,1.71,0,4,0,68.98,85.1,0.00,N/A,68.98,85.1,37.46,102.8,31.52,70.6
98.0,Coil,56.1,RMKQLEDKVEELLSKQYHLENEVARLKKLVGERMKQLEDKVEELLSKQYHLENEVARLKKLVGERMKQLEDKVEELLSKQYHLENEVARLKKLVGE,1.9,0,0,1,85.86,49.3,46.32,35.0,39.54,94.1,9.90,19.2,75.95,62.0
188.0,Coil,82.1,RMKQLEDKVEELLSKQYHLENEVARLKKLVGERMKQLEDKVEELLSKQYHLENEVARLKKLVGERMKQLEDKVEELLSKQYHLENEVARLKKLVGE,1.86,0,0,2,185.84,78.0,148.17,75.5,37.67,89.7,56.11,76.7,129.72,78.6
51.0,Helix,25.49,RMKQLEDKVEELLSKQYHLENEVARLKKLVGERMKQLEDKVEELLSKQYHLENEVARLKKLVGERMKQLEDKVEELLSKQYHLENEVARLKKLVGE,2.17,0,0,3,50.59,26.2,48.98,32.4,1.61,3.8,33.91,28.8,16.68,22.1
132.0,Helix,64.17,RMKQLEDKVEELLSKQYHLENEVARLKKLVGERMKQLEDKVEELLSKQYHLENEVARLKKLVGERMKQLEDKVEELLSKQYHLENEVARLKKLVGE,2.08,0,3,3,139.75,68.2,138.79,85.2,0.96,2.3,81.20,73.1,58.55,62.4
146.0,Helix,81.75,RMKQLEDKVEELLSKQYHLENEVARLKKLVGERMKQLEDKVEELLSKQYHLENEVARLKKLVGERMKQLEDKVEELLSKQYHLENEVARLKKLVGE,1.89,0,3,5,135.62,75.8,125.28,91.6,10.33,24.6,42.91,91.3,92.71,70.3
14.0,Helix,7.65,RMKQLEDKVEELLSKQYHLENEVARLKKLVGERMKQLEDKVEELLSKQYHLENEVARLKKLVGERMKQLEDKVEELLSKQYHLENEVARLKKLVGE,4.49,0,2,5,13.08,7.3,13.06,9.3,0.02,0.1,13.08,9.2,0.00,0.0
34.0,Helix,19.46,RMKQLEDKVEELLSKQYHLENEVARLKKLVGERMKQLEDKVEELLSKQYHLENEVARLKKLVGERMKQLEDKVEELLSKQYHLENEVARLKKLVGE,1.87,0,3,4,30.74,17.6,30.17,22.8,0.58,1.4,10.05,19.4,20.69,16.9
105.0,Helix,72.87,RMKQLEDKVEELLSKQYHLENEVARLKKLVGERMKQLEDKVEELLSKQYHLENEVARLKKLVGERMKQLEDKVEELLSKQYHLENEVARLKKLVGE,1.78,0,5,4,93.71,65.6,85.34,84.9,8.38,19.8,28.63,67.4,65.08,64.9
74.0,Helix,35.97,RMKQLEDKVEELLSKQYHLENEVARLKKLVGERMKQLEDKVEELLSKQYHLENEVARLKKLVGERMKQLEDKVEELLSKQYHLENEVARLKKLVGE,2.76,0,6,4,74.22,36.2,73.56,45.1,0.66,1.6,33.49,30.1,40.73,43.4
0.0,Helix,0.0,RMKQLEDKVEELLSKQYHLENEVARLKKLVGERMKQLEDKVEELLSKQYHLENEVARLKKLVGERMKQLEDKVEELLSKQYHLENEVARLKKLVGE,2.38,0,3,3,0.00,0.0,0.00,0.0,0.00,0.0,0.00,0.0,0.00,0.0
109.0,Helix,62.39,RMKQLEDKVEELLSKQYHLENEVARLKKLVGERMKQLEDKVEELLSKQYHLENEVARLKKLVGERMKQLEDKVEELLSKQYHLENEVARLKKLVGE,1.87,0,3,4,96.77,55.6,88.56,67.0,8.21,19.5,36.74,71.1,60.03,49.0
72.0,Helix,41.21,RMKQLEDKVEELLSKQYHLENEVARLKKLVGERMKQLEDKVEELLSKQYHLENEVARLKKLVGERMKQLEDKVEELLSKQYHLENEVARLKKLVGE,1.88,0,3,5,64.36,36.9,55.89,42.3,8.47,20.2,24.90,48.2,39.45,32.2
3.0,Helix,1.64,RMKQLEDKVEELLSKQYHLENEVARLKKLVGERMKQLEDKVEELLSKQYHLENEVARLKKLVGERMKQLEDKVEELLSKQYHLENEVARLKKLVGE,5.56,0,3,5,3.56,2.0,3.56,2.5,0.00,0.0,3.56,2.5,0.00,0.0
5.0,Helix,2.73,RMKQLEDKVEELLSKQYHLENEVARLKKLVGERMKQLEDKVEELLSKQYHLENEVARLKKLVGERMKQLEDKVEELLSKQYHLENEVARLKKLVGE,2.46,0,3,3,10.74,6.0,10.74,7.7,0.00,0.0,10.74,7.5,0.00,0.0
71.0,Helix,60.58,RMKQLEDKVEELLSKQYHLENEVARLKKLVGERMKQLEDKVEELLSKQYHLENEVARLKKLVGERMKQLEDKVEELLSKQYHLENEVARLKKLVGE,1.85,0,4,2,63.19,53.4,56.21,75.0,6.99,16.1,19.04,40.5,44.15,61.9
71.0,Helix,34.52,RMKQLEDKVEELLSKQYHLENEVARLKKLVGERMKQLEDKVEELLSKQYHLENEVARLKKLVGERMKQLEDKVEELLSKQYHLENEVARLKKLVGE,2.15,0,4,3,76.76,37.4,69.39,42.6,7.38,17.6,60.48,54.4,16.28,17.3
1.0,Helix,0.56,RMKQLEDKVEELLSKQYHLENEVARLKKLVGERMKQLEDKVEELLSKQYHLENEVARLKKLVGERMKQLEDKVEELLSKQYHLENEVARLKKLVGE,4.37,0,6,3,1.88,1.0,1.85,1.3,0.03,0.1,0.44,0.9,1.44,1.1
114.0,Helix,53.35,RMKQLEDKVEELLSKQYHLENEVARLKKLVGERMKQLEDKVEELLSKQYHLENEVARLKKLVGERMKQLEDKVEELLSKQYHLENEVARLKKLVGE,2.42,0,4,3,118.38,55.3,114.87,65.4,3.51,9.1,89.79,67.5,28.60,35.3
112.0,Helix,61.57,RMKQLEDKVEELLSKQYHLENEVARLKKLVGERMKQLEDKVEELLSKQYHLENEVARLKKLVGERMKQLEDKVEELLSKQYHLENEVARLKKLVGE,2.25,0,3,5,112.35,61.4,109.50,76.1,2.85,7.3,71.52,73.7,40.83,47.5
8.0,Helix,4.37,RMKQLEDKVEELLSKQYHLENEVARLKKLVGERMKQLEDKVEELLSKQYHLENEVARLKKLVGERMKQLEDKVEELLSKQYHLENEVARLKKLVGE,2.79,0,3,3,8.10,4.5,7.96,5.7,0.14,0.4,7.96,5.6,0.14,0.4
46.0,Helix,26.33,RMKQLEDKVEELLSKQYHLENEVARLKKLVGERMKQLEDKVEELLSKQYHLENEVARLKKLVGERMKQLEDKVEELLSKQYHLENEVARLKKLVGE,2.09,0,3,3,46.62,26.8,42.58,32.2,4.04,9.6,13.19,25.5,33.43,27.3
110.0,Helix,75.14,RMKQLEDKVEELLSKQYHLENEVARLKKLVGERMKQLEDKVEELLSKQYHLENEVARLKKLVGERMKQLEDKVEELLSKQYHLENEVARLKKLVGE,1.85,0,8,3,102.74,70.8,93.50,90.4,9.23,22.2,24.08,58.0,78.65,76.0
57.0,Helix,32.63,RMKQLEDKVEELLSKQYHLENEVARLKKLVGERMKQLEDKVEELLSKQYHLENEVARLKKLVGERMKQLEDKVEELLSKQYHLENEVARLKKLVGE,1.86,0,3,4,48.09,27.6,47.91,36.2,0.18,0.4,4.69,9.1,43.40,35.4
6.0,Helix,3.9,RMKQLEDKVEELLSKQYHLENEVARLKKLVGERMKQLEDKVEELLSKQYHLENEVARLKKLVGERMKQLEDKVEELLSKQYHLENEVARLKKLVGE,4.22,0,3,3,6.13,4.0,6.13,5.5,0.00,0.0,6.13,5.3,0.00,0.0
57.0,Helix,51.72,RMKQLEDKVEELLSKQYHLENEVARLKKLVGERMKQLEDKVEELLSKQYHLENEVARLKKLVGERMKQLEDKVEELLSKQYHLENEVARLKKLVGE,2.5,0,3,3,59.25,54.5,48.31,74.5,10.94,24.9,53.10,74.8,6.14,16.3
134.0,Helix,58.52,RMKQLEDKVEELLSKQYHLENEVARLKKLVGERMKQLEDKVEELLSKQYHLENEVARLKKLVGERMKQLEDKVEELLSKQYHLENEVARLKKLVGE,2.02,0,4,5,128.30,53.9,122.70,62.5,5.61,13.3,47.14,64.4,81.16,49.2
1.0,Helix,0.55,RMKQLEDKVEELLSKQYHLENEVARLKKLVGERMKQLEDKVEELLSKQYHLENEVARLKKLVGERMKQLEDKVEELLSKQYHLENEVARLKKLVGE,2.59,0,3,1,0.15,0.1,0.15,0.1,0.00,0.0,0.15,0.1,0.00,0.0
83.0,Helix,40.35,RMKQLEDKVEELLSKQYHLENEVARLKKLVGERMKQLEDKVEELLSKQYHLENEVARLKKLVGERMKQLEDKVEELLSKQYHLENEVARLKKLVGE,3.54,0,5,4,84.90,41.4,84.25,51.7,0.65,1.6,53.06,47.8,31.84,33.9
145.0,Helix,70.49,RMKQLEDKVEELLSKQYHLENEVARLKKLVGERMKQLEDKVEELLSKQYHLENEVARLKKLVGERMKQLEDKVEELLSKQYHLENEVARLKKLVGE,2.04,0,5,1,146.69,71.6,132.48,81.3,14.21,33.8,82.07,73.9,64.62,68.8
53.0,Helix,28.95,RMKQLEDKVEELLSKQYHLENEVARLKKLVGERMKQLEDKVEELLSKQYHLENEVARLKKLVGERMKQLEDKVEELLSKQYHLENEVARLKKLVGE,1.98,0,3,0,57.03,31.8,31.69,22.7,25.34,63.7,41.56,29.2,15.47,41.6
54.0,Helix,35.13,RMKQLEDKVEELLSKQYHLENEVARLKKLVGERMKQLEDKVEELLSKQYHLENEVARLKKLVGERMKQLEDKVEELLSKQYHLENEVARLKKLVGE,1.95,0,2,0,53.13,35.0,14.59,13.2,38.54,92.9,23.53,20.4,29.60,80.3
40.0,Coil,50.83,RMKQLEDKVEELLSKQYHLENEVARLKKLVGERMKQLEDKVEELLSKQYHLENEVARLKKLVGERMKQLEDKVEELLSKQYHLENEVARLKKLVGE,1.71,0,4,0,40.68,50.2,0.00,N/A,40.68,50.2,26.34,72.3,14.34,32.1
209.0,Coil,119.63,RMKQLEDKVEELLSKQYHLENEVARLKKLVGERMKQLEDKVEELLSKQYHLENEVARLKKLVGERMKQLEDKVEELLSKQYHLENEVARLKKLVGE,1.9,0,0,1,194.07,111.4,112.85,85.4,81.22,193.4,86.04,166.4,108.03,88.2
183.0,Coil,79.91,RMKQLEDKVEELLSKQYHLENEVARLKKLVGERMKQLEDKVEELLSKQYHLENEVARLKKLVGERMKQLEDKVEELLSKQYHLENEVARLKKLVGE,1.86,0,0,2,185.41,77.8,147.74,75.3,37.68,89.7,85.15,116.4,100.26,60.8
27.0,Helix,13.49,RMKQLEDKVEELLSKQYHLENEVARLKKLVGERMKQLEDKVEELLSKQYHLENEVARLKKLVGERMKQLEDKVEELLSKQYHLENEVARLKKLVGE,2.17,0,0,3,27.56,14.3,24.32,16.1,3.24,7.7,24.14,20.5,3.42,4.5
92.0,Helix,44.73,RMKQLEDKVEELLSKQYHLENEVARLKKLVGERMKQLEDKVEELLSKQYHLENEVARLKKLVGERMKQLEDKVEELLSKQYHLENEVARLKKLVGE,2.08,0,3,3,104.78,51.1,103.08,63.2,1.70,4.0,94.09,84.7,10.69,11.4
98.0,Helix,54.87,RMKQLEDKVEELLSKQYHLENEVARLKKLVGERMKQLEDKVEELLSKQYHLENEVARLKKLVGERMKQLEDKVEELLSKQYHLENEVARLKKLVGE,1.89,0,3,5,96.12,53.7,87.97,64.3,8.15,19.4,38.33,81.6,57.79,43.8
6.0,Helix,3.28,RMKQLEDKVEELLSKQYHLENEVARLKKLVGERMKQLEDKVEELLSKQYHLENEVARLKKLVGERMKQLEDKVEELLSKQYHLENEVARLKKLVGE,4.49,0,2,5,7.34,4.1,7.34,5.2,0.00,0.0,7.34,5.2,0.00,0.0
78.0,Helix,44.65,RMKQLEDKVEELLSKQYHLENEVARLKKLVGERMKQLEDKVEELLSKQYHLENEVARLKKLVGERMKQLEDKVEELLSKQYHLENEVARLKKLVGE,1.87,0,3,4,71.78,41.2,70.25,53.1,1.53,3.6,28.25,54.6,43.53,35.5
50.0,Helix,34.7,RMKQLEDKVEELLSKQYHLENEVARLKKLVGERMKQLEDKVEELLSKQYHLENEVARLKKLVGERMKQLEDKVEELLSKQYHLENEVARLKKLVGE,1.78,0,5,4,44.25,31.0,43.28,43.1,0.97,2.3,26.77,63.0,17.48,17.4
87.0,Helix,42.29,RMKQLEDKVEELLSKQYHLENEVARLKKLVGERMKQLEDKVEELLSKQYHLENEVARLKKLVGERMKQLEDKVEELLSKQYHLENEVARLKKLVGE,2.76,0,6,4,87.18,42.5,87.18,53.5,0.00,0.0,30.29,27.3,56.89,60.6
4.0,Helix,2.6,RMKQLEDKVEELLSKQYHLENEVARLKKLVGERMKQLEDKVEELLSKQYHLENEVARLKKLVGERMKQLEDKVEELLSKQYHLENEVARLKKLVGE,2.38,0,3,3,3.99,2.6,3.99,3.6,0.00,0.0,3.99,3.5,0.00,0.0
93.0,Helix,53.23,RMKQLEDKVEELLSKQYHLENEVARLKKLVGERMKQLEDKVEELLSKQYHLENEVARLKKLVGERMKQLEDKVEELLSKQYHLENEVARLKKLVGE,1.87,0,3,4,84.13,48.3,75.59,57.2,8.54,20.3,29.80,57.6,54.33,44.4
95.0,Helix,54.38,RMKQLEDKVEELLSKQYHLENEVARLKKLVGERMKQLEDKVEELLSKQYHLENEVARLKKLVGERMKQLEDKVEELLSKQYHLENEVARLKKLVGE,1.88,0,3,5,86.27,49.5,80.68,61.0,5.59,13.3,30.98,59.9,55.29,45.1
1.0,Helix,0.55,RMKQLEDKVEELLSKQYHLENEVARLKKLVGERMKQLEDKVEELLSKQYHLENEVARLKKLVGERMKQLEDKVEELLSKQYHLENEVARLKKLVGE,5.56,0,3,5,1.55,0.9,1.19,0.9,0.36,0.9,1.19,0.8,0.36,1.0
59.0,Helix,32.22,RMKQLEDKVEELLSKQYHLENEVARLKKLVGERMKQLEDKVEELLSKQYHLENEVARLKKLVGERMKQLEDKVEELLSKQYHLENEVARLKKLVGE,2.46,0,3,3,60.71,33.8,53.38,38.2,7.33,18.4,54.03,37.9,6.68,18.0
62.0,Helix,52.9,RMKQLEDKVEELLSKQYHLENEVARLKKLVGERMKQLEDKVEELLSKQYHLENEVARLKKLVGERMKQLEDKVEELLSKQYHLENEVARLKKLVGE,1.85,0,4,2,58.46,49.4,51.95,69.3,6.52,15.0,36.00,76.7,22.47,31.5
54.0,Helix,26.25,RMKQLEDKVEELLSKQYHLENEVARLKKLVGERMKQLEDKVEELLSKQYHLENEVARLKKLVGERMKQLEDKVEELLSKQYHLENEVARLKKLVGE,2.15,0,4,3,60.34,29.4,57.21,35.1,3.12,7.4,47.37,42.6,12.96,13.8
8.0,Helix,4.48,RMKQLEDKVEELLSKQYHLENEVARLKKLVGERMKQLEDKVEELLSKQYHLENEVARLKKLVGERMKQLEDKVEELLSKQYHLENEVARLKKLVGE,4.37,0,6,3,6.80,3.8,6.80,5.0,0.00,0.0,2.40,5.1,4.39,3.3
136.0,Helix,63.64,RMKQLEDKVEELLSKQYHLENEVARLKKLVGERMKQLEDKVEELLSKQYHLENEVARLKKLVGERMKQLEDKVEELLSKQYHLENEVARLKKLVGE,2.42,0,4,3,129.31,60.4,127.41,72.5,1.89,4.9,85.40,64.2,43.90,54.1
114.0,Helix,62.67,RMKQLEDKVEELLSKQYHLENEVARLKKLVGERMKQLEDKVEELLSKQYHLENEVARLKKLVGERMKQLEDKVEELLSKQYHLENEVARLKKLVGE,2.25,0,3,5,114.33,62.5,113.36,78.8,0.97,2.5,78.82,81.2,35.51,41.3
10.0,Helix,5.46,RMKQLEDKVEELLSKQYHLENEVARLKKLVGERMKQLEDKVEELLSKQYHLENEVARLKKLVGERMKQLEDKVEELLSKQYHLENEVARLKKLVGE,2.79,0,3,3,8.95,5.0,7.72,5.5,1.23,3.1,8.36,5.9,0.59,1.6
69.0,Helix,39.5,RMKQLEDKVEELLSKQYHLENEVARLKKLVGERMKQLEDKVEELLSKQYHLENEVARLKKLVGERMKQLEDKVEELLSKQYHLENEVARLKKLVGE,2.09,0,3,3,63.65,36.5,60.63,45.9,3.02,7.2,24.62,47.6,39.03,31.9
72.0,Helix,49.18,RMKQLEDKVEELLSKQYHLENEVARLKKLVGERMKQLEDKVEELLSKQYHLENEVARLKKLVGERMKQLEDKVEELLSKQYHLENEVARLKKLVGE,1.85,0,8,3,69.73,48.1,59.71,57.7,10.02,24.1,26.65,64.1,43.08,41.6
48.0,Helix,27.48,RMKQLEDKVEELLSKQYHLENEVARLKKLVGERMKQLEDKVEELLSKQYHLENEVARLKKLVGERMKQLEDKVEELLSKQYHLENEVARLKKLVGE,1.86,0,3,4,44.00,25.3,42.82,32.4,1.17,2.8,19.24,37.2,24.75,20.2
5.0,Helix,3.25,RMKQLEDKVEELLSKQYHLENEVARLKKLVGERMKQLEDKVEELLSKQYHLENEVARLKKLVGERMKQLEDKVEELLSKQYHLENEVARLKKLVGE,4.22,0,3,3,5.34,3.5,5.34,4.8,0.00,0.0,5.34,4.6,0.00,0.0
58.0,Helix,52.63,RMKQLEDKVEELLSKQYHLENEVARLKKLVGERMKQLEDKVEELLSKQYHLENEVARLKKLVGERMKQLEDKVEELLSKQYHLENEVARLKKLVGE,2.5,0,3,3,59.84,55.0,51.27,79.1,8.57,19.5,58.11,81.8,1.73,4.6
95.0,Helix,41.48,RMKQLEDKVEELLSKQYHLENEVARLKKLVGERMKQLEDKVEELLSKQYHLENEVARLKKLVGERMKQLEDKVEELLSKQYHLENEVARLKKLVGE,2.02,0,4,5,96.69,40.6,88.16,44.9,8.52,20.3,55.29,75.6,41.40,25.1
1.0,Helix,0.55,RMKQLEDKVEELLSKQYHLENEVARLKKLVGERMKQLEDKVEELLSKQYHLENEVARLKKLVGERMKQLEDKVEELLSKQYHLENEVARLKKLVGE,2.59,0,3,1,0.78,0.4,0.78,0.6,0.00,0.0,0.78,0.5,0.00,0.0
34.0,Helix,16.53,RMKQLEDKVEELLSKQYHLENEVARLKKLVGERMKQLEDKVEELLSKQYHLENEVARLKKLVGERMKQLEDKVEELLSKQYHLENEVARLKKLVGE,3.54,0,5,4,37.88,18.5,31.65,19.4,6.22,14.8,31.65,28.5,6.22,6.6
183.0,Helix,88.96,RMKQLEDKVEELLSKQYHLENEVARLKKLVGERMKQLEDKVEELLSKQYHLENEVARLKKLVGERMKQLEDKVEELLSKQYHLENEVARLKKLVGE,2.04,0,5,1,178.02,86.8,149.83,91.9,28.19,67.1,99.38,89.5,78.64,83.8
91.0,Helix,49.7,RMKQLEDKVEELLSKQYHLENEVARLKKLVGERMKQLEDKVEELLSKQYHLENEVARLKKLVGERMKQLEDKVEELLSKQYHLENEVARLKKLVGE,1.98,0,3,0,97.03,54.0,68.30,48.9,28.73,72.2,70.78,49.7,26.25,70.6
36.0,Helix,23.42,RMKQLEDKVEELLSKQYHLENEVARLKKLVGERMKQLEDKVEELLSKQYHLENEVARLKKLVGERMKQLEDKVEELLSKQYHLENEVARLKKLVGE,1.95,0,2,0,36.57,24.1,10.05,9.1,26.52,63.9,14.38,12.5,22.19,60.2
47.0,Coil,59.72,RMKQLEDKVEELLSKQYHLENEVARLKKLVGERMKQLEDKVEELLSKQYHLENEVARLKKLVGERMKQLEDKVEELLSKQYHLENEVARLKKLVGE,1.71,0,4,0,46.12,56.9,0.00,N/A,46.12,56.9,30.47,83.6,15.65,35.1
226.0,Coil,129.36,RMKQLEDKVEELLSKQYHLENEVARLKKLVGERMKQLEDKVEELLSKQYHLENEVARLKKLVGERMKQLEDKVEELLSKQYHLENEVARLKKLVGE,1.9,0,0,1,207.85,119.3,128.43,97.2,79.41,189.1,76.72,148.4,131.13,107.1
