RES,A,R,N,D,C,Q,E,G,H,I,L,K,M,F,P,S,T,W,Y,V
M,-3,-4,-5,-5,-3,-4,-5,-5,-5,3,3,-4,7,-2,-5,-4,-3,-4,-3,2
T,1,4,0,-1,-1,3,-1,-3,-2,-3,-4,0,-3,-3,2,0,2,-4,-2,-3
E,-2,-1,-1,3,-5,2,4,-4,-3,-4,-3,1,-2,-5,-4,1,2,-5,0,-4
Y,-4,-3,-6,-6,-5,-5,-6,-6,-1,3,1,-5,3,5,-6,-3,-4,-3,4,3
K,-6,4,-2,-6,-3,-3,-1,-7,0,-8,-7,7,-6,-6,-6,-4,-5,-8,-7,-7
L,-3,-7,-7,-7,3,-6,-7,-7,-7,5,3,-6,-1,-1,-7,-6,-4,-6,-2,4
V,0,-6,-6,-7,2,-6,-6,-3,-4,3,3,-6,0,-1,-6,-4,-1,-6,-5,5
V,-4,-6,-7,-7,0,-6,-6,-7,-6,4,4,-6,4,1,-6,-4,-1,-6,-4,4
V,-2,-6,-4,-7,3,-6,-7,-7,-7,4,4,-6,2,-3,-7,-6,-4,-6,-5,4
G,-5,-8,-6,-7,-8,-7,-8,8,-8,-10,-9,-7,-8,-9,-8,-6,-7,-8,-9,-9
A,0,-3,-1,6,-6,-3,1,-4,-5,-5,2,-3,-2,-6,-4,-1,-4,-7,-2,-5
V,0,0,-1,3,-5,1,-1,2,-4,-4,-3,-2,-1,-5,1,3,-2,-3,0,-3
G,2,-2,4,-2,0,-1,-2,5,-2,-6,-5,-2,-2,-3,-5,1,-3,-6,-2,-5
V,2,-7,-7,-7,3,-6,-6,-6,-7,-1,-4,-6,-4,-6,-6,0,1,-7,-6,6
G,-5,-8,-6,-7,-8,-8,-8,8,-8,-10,-9,-7,-8,-9,-8,-6,-5,-8,-9,-9
K,-7,-4,-6,-7,-9,-5,-5,-8,-7,-4,-8,8,-7,-9,-7,-6,-7,-9,-8,-8
S,-5,-6,-5,-6,-6,-6,-6,-4,-7,-6,-5,-4,-6,-7,-6,5,7,-8,-7,-6
A,2,-4,-1,-5,5,-2,-4,-5,-6,-6,-6,-4,-6,-4,-6,5,4,-7,-6,-5
L,-5,-7,-8,-8,-6,-7,-7,-8,-7,4,6,-7,1,2,-7,-7,-4,-6,-3,-1
T,-2,-4,-6,-7,-3,-6,-6,-6,-6,3,4,-6,2,-2,-6,-4,1,-6,-5,3
I,-1,0,2,-3,-3,0,0,-3,4,1,0,1,1,-1,-4,0,-1,-3,3,1
Q,-2,6,-1,-5,0,4,-3,-5,-2,-3,-2,2,-2,-6,-5,1,-1,-6,-4,-1
L,-5,-6,-7,-7,-6,-6,-7,-5,0,-1,3,-5,1,7,-7,-6,-6,-1,5,-2
I,1,-3,-2,-4,2,-1,-3,-3,-1,1,2,1,1,-3,-4,-1,2,-5,-3,3
Q,-2,0,1,1,-3,2,0,0,1,-3,-2,2,-1,-2,-4,1,2,-4,1,-3
N,-4,-1,4,3,-5,-1,0,4,-3,-6,-4,1,-3,-6,-5,-2,-3,-6,-6,-4
H,-1,2,-1,1,-2,2,4,-2,3,-2,-4,1,-2,-4,-2,1,1,-5,-2,-2
F,-4,-1,-4,0,-4,-3,-5,-6,-4,-1,-4,-6,-5,8,-5,-4,-3,1,3,0
V,-2,-2,0,0,-2,0,-1,-2,-3,1,-1,-2,-2,-2,3,1,-1,-5,-3,3
D,-1,-2,0,2,-4,1,3,0,0,-3,-3,0,0,-4,1,1,1,-3,-3,-2
E,-1,-1,2,3,-3,1,3,-2,1,-3,-3,0,-2,-3,-2,0,2,-1,-1,-2
Y,-3,-3,-4,-3,-1,-1,-2,-4,3,1,-1,-3,1,0,-1,0,0,-3,7,0
D,-1,-1,0,1,-2,1,1,-3,0,2,-1,1,-1,-3,1,0,0,-4,-2,1
P,1,-4,-3,-5,-1,-1,-2,-4,-1,-6,-4,-3,-4,-6,7,1,-1,-1,-5,-4
T,-5,-1,0,-6,-2,-4,-2,-6,-4,-3,-5,-4,-4,-7,-4,-1,8,-7,-6,-4
I,-1,-4,-4,-5,-5,-1,-5,-2,-4,6,1,-3,-1,-2,-3,-3,0,-2,-3,3
E,-3,-2,-5,-4,-6,-3,3,6,1,-5,-3,-5,-6,2,-3,-3,-5,-6,-4,-5
D,0,-2,0,4,1,-3,1,-4,-1,1,-2,-3,-3,3,1,-1,-2,-4,-2,2
S,-2,0,4,3,-3,0,1,-4,-1,-1,-2,-2,-4,0,-2,1,1,-5,-2,-3
Y,-4,-5,-3,-6,-5,-5,-3,-6,1,2,-2,-5,0,6,-6,-4,-2,-3,6,2
R,-1,2,0,-1,-2,-1,2,-3,0,-2,-2,2,-2,-3,-2,2,2,0,-1,0
K,0,2,-3,-3,-3,-1,0,-3,0,0,-2,5,-3,-3,1,0,1,-4,-3,0
Q,-1,1,0,0,-3,2,2,-2,0,-1,-1,0,0,-2,1,1,3,-3,-3,-1
V,0,-3,-4,-2,1,-3,-2,-3,-2,4,1,-3,2,0,-2,-2,0,-1,-2,3
V,-1,-1,1,0,-1,0,2,-3,-1,0,-1,-1,1,-1,-1,0,2,-3,1,1
I,-2,-3,-4,-5,-1,-2,-4,-5,-1,4,1,-4,0,-2,-1,-3,0,-1,-1,5
D,-2,0,3,5,-5,-1,2,1,-1,-5,-4,-1,-4,-3,-2,-2,1,-6,-5,-4
G,-3,-2,2,2,-2,-1,0,4,1,-4,-5,0,-3,-3,1,0,-3,-5,1,-3
E,-2,2,0,0,-5,2,3,0,-1,-3,-4,4,-2,-5,-4,-1,-1,-5,-2,-2
T,-1,1,2,0,-3,1,0,-1,0,-1,-2,1,-2,-3,0,1,2,-3,-2,0
C,-2,-6,-6,-6,2,-5,-3,-6,0,4,0,-6,-1,2,-6,-3,-2,-5,3,5
L,-1,2,1,-1,-2,0,0,-3,1,-1,0,3,-1,-3,0,1,2,-5,-1,-3
L,-2,-6,-6,-6,-2,-5,-6,-6,-6,2,5,-6,1,4,-6,-5,0,-5,-3,0
D,-2,0,1,1,-3,5,1,-1,2,-3,-2,0,0,-3,-3,0,1,-5,-3,-3
I,-3,-6,-6,-6,0,-6,-6,-6,-6,6,3,-6,0,1,-6,-5,-2,-5,-4,3
L,-6,-2,-7,-8,-1,-2,-7,-7,-3,-3,0,-7,-1,2,-7,-7,-3,11,2,0
D,-7,-7,-2,9,-8,-3,-2,-6,-6,-8,-8,-6,-8,-8,-7,-5,-6,-9,-8,-8
T,-4,-5,-4,-5,-5,-5,-1,-5,-6,2,0,-5,0,-3,-3,-1,6,-6,-1,1
A,5,-3,-1,-3,0,-3,-5,4,-2,-5,-4,-3,-5,-3,-2,1,-3,0,-5,-4
G,-2,-6,-3,-3,-7,-6,-2,7,-6,-5,-6,-6,-7,-7,-6,-1,-4,-7,-7,-7
Q,-2,-2,-2,-3,-3,8,-2,-3,3,-3,-2,-1,-4,-7,-3,-1,-3,-7,-6,-3
E,-3,1,-2,2,-3,1,6,-3,-1,-4,-5,-1,-3,-7,1,-2,-2,-7,-3,-5
E,-4,5,-1,2,-4,2,3,-3,-2,-3,-4,2,-5,-3,-2,0,-2,-6,-2,-5
Y,-1,-5,-3,-4,-5,-4,-2,-2,0,1,1,-2,-1,6,-4,-2,-3,1,5,-3
S,-1,6,0,1,-2,0,-1,-1,1,-5,-4,0,-3,-6,-2,1,-1,-4,-3,-4
A,1,1,1,-1,0,-1,0,-1,0,-1,-3,-1,-3,-3,1,3,1,-1,-4,-2
M,-2,-4,-3,-2,-1,-2,-3,-5,-3,2,4,-4,5,0,-4,-3,-1,-1,1,1
R,-2,4,0,-5,-1,-2,-3,-2,-1,-2,0,-1,-4,-2,0,-3,2,8,-2,-2
D,-1,3,0,2,-2,0,1,-3,0,-1,-4,2,-3,-5,3,1,-1,-5,-3,-2
Q,1,0,1,0,0,2,0,-2,3,-1,1,0,0,-2,-2,2,-1,-2,-2,-1
Y,-4,-5,-5,-6,2,-4,-1,-5,-1,-4,-3,-5,0,3,-7,0,-5,0,9,-4
M,-4,-6,-6,-6,3,-4,-6,-7,-3,2,0,-4,2,4,-6,-2,-3,0,7,-2
R,-2,6,-1,-3,-6,1,1,-3,0,-2,-4,2,-2,-6,2,0,-2,-6,-3,-3
T,-2,-1,4,2,-2,0,0,3,-1,-5,-5,0,-2,-3,-4,1,-1,3,-3,-4
G,4,-4,-3,-5,1,-3,-4,1,-3,-1,-4,-4,-3,-5,-2,1,3,-6,-3,2
E,-2,-3,3,5,-3,3,1,-4,4,-4,-5,-2,-1,-5,-5,-1,-2,-6,-3,-1
G,3,-5,-4,-5,3,-5,-5,5,-5,0,-3,-5,-4,-3,-5,-2,-3,-6,-4,2
F,1,-5,-5,-2,2,-4,-5,-3,-4,4,0,-4,-1,4,-5,-4,-2,-3,1,2
L,-3,-5,-6,-6,2,-5,-5,-6,-5,5,3,-5,2,-2,-5,-5,-3,0,-4,4
C,-3,-5,-5,-5,2,-5,-5,-4,-4,3,4,-5,0,4,-5,-4,-3,2,2,1
V,-2,-5,-5,-6,5,-5,-5,-4,-6,-1,0,-5,2,-2,-5,-4,-1,-5,-4,6
F,-5,-6,-6,-6,-6,-5,-6,-6,0,0,-3,-6,-4,6,-6,-5,-5,-3,8,2
A,-1,-5,-1,7,-6,-4,-2,-4,-5,-3,-6,-4,-6,-6,-5,3,-4,-6,0,-3
I,-1,-5,-5,-5,1,-4,-5,-5,-5,4,1,-4,2,-2,-3,2,-2,-5,-4,4
N,0,-3,2,2,-1,-2,-2,-2,0,0,-3,-3,-2,-5,-4,2,5,-5,-4,-1
N,-2,1,4,6,1,-1,-1,-4,-1,-5,-4,-1,-5,-5,-2,2,-3,-6,-4,-4
T,-1,4,-2,-2,-3,1,1,-2,2,-3,-2,1,-1,-3,2,0,-1,-5,-2,-2
K,0,0,0,2,-4,2,3,-2,-1,-2,-3,1,-1,-4,-2,1,-1,-2,-1,-2
S,-2,3,-3,-2,-5,-3,-4,-3,-4,-5,-3,-3,-5,-5,-4,6,3,-6,-2,-5
F,-5,-3,-5,-6,-3,-5,-5,-6,-4,0,2,-3,1,7,-6,-2,-5,-1,4,-1
E,-1,-2,2,3,-5,2,4,-3,-1,-3,-2,1,-2,-4,-1,-1,-1,-5,-3,-3
D,-1,2,4,0,-2,0,2,-2,2,-2,-2,1,-1,-4,-4,0,-1,-5,-2,-2
I,1,-5,-5,-5,2,-4,-5,-5,-5,4,2,-4,0,-2,-5,-1,0,-5,-4,4
H,0,1,0,0,-3,1,2,-1,0,-2,-2,3,-2,-4,1,1,-1,-4,-1,-2
H,0,1,1,1,-3,1,1,-3,0,-1,-1,3,-1,-1,-1,0,0,-4,-1,-2
Y,-2,-4,-6,-6,-6,-4,3,-6,-3,-1,0,-5,-2,0,-6,-1,-3,11,1,-4
R,-2,2,-2,-5,-3,-2,-4,-5,2,2,3,0,2,1,-5,-3,-3,1,2,0
E,-1,0,1,2,-3,2,2,-2,1,-3,-2,2,-2,-2,2,0,0,0,-1,-3
Q,-3,0,-1,2,-4,3,5,-4,0,-4,-2,1,0,-6,-3,-2,-3,1,-2,-4
I,-1,-6,-6,-6,-2,-5,-6,-5,-6,5,4,-6,3,1,-6,-5,-3,-5,-4,2
K,-2,3,1,1,-1,1,0,-4,2,0,2,1,0,-1,-2,-1,-1,-4,-2,-1
R,-1,3,1,1,-4,1,2,-2,3,-3,-3,1,-2,-3,-4,1,0,-5,-2,-3
V,-2,-1,-1,-1,-1,0,1,-3,5,0,0,-1,0,2,-2,-1,0,-3,2,1
K,2,1,-1,0,0,0,1,-1,1,-2,0,1,-1,-2,0,0,0,-3,-1,-2
D,-1,0,2,3,-2,1,2,1,1,-3,-2,0,-2,-3,0,0,-1,-3,-2,-2
S,0,-1,1,0,4,-1,0,0,-1,-1,0,0,0,-2,1,1,0,-1,-1,-1
E,0,1,0,2,-3,1,2,-2,-1,-3,-3,1,-4,-4,4,1,-1,-5,-3,-2
D,-2,0,4,3,-1,-1,1,2,1,-5,-4,1,-4,-4,-2,0,-1,-3,-2,-5
V,0,-4,-5,-6,1,-5,-5,-6,-5,4,0,-2,-1,0,-4,-3,0,-5,-2,5
P,-1,-2,-2,-5,-2,-2,-3,-5,-6,0,-4,-4,-4,-5,7,-2,-1,-7,-5,1
M,-3,-1,-5,-6,-1,-4,-5,-5,-5,5,2,-1,2,3,-6,-4,-2,-3,-2,3
V,-2,-6,-6,-7,-2,-6,-6,-6,-4,4,3,-6,4,-1,-6,-5,-4,-6,-3,4
L,-5,-6,-7,-7,-5,-6,-7,-7,-7,4,5,-6,0,-2,-7,-6,-5,-6,-5,3
V,-2,-6,-7,-7,3,-6,-6,-7,-7,2,2,-6,-2,2,-6,-5,-4,-3,-3,6
G,3,-5,-5,-6,0,-5,-5,7,-6,-7,-6,-4,-6,-7,-6,-3,-5,-7,-7,-3
N,-6,-6,8,-4,0,-5,-5,-6,-1,-5,-5,-5,-4,-8,-7,-2,3,-9,-7,-7
K,-6,-1,-3,-6,-8,1,-4,-7,-6,-8,-8,8,-3,-8,-6,-5,-6,-8,-7,-8
C,0,-1,-2,-2,6,3,-3,-3,-4,2,-1,-1,0,-3,-4,2,0,-5,-2,0
D,-5,-3,-4,9,-9,-6,-1,-7,-1,-9,-9,-6,-8,-9,-7,-6,-6,-10,-8,-9
L,-2,-2,-6,-4,-1,-1,-5,-6,-3,1,5,-3,3,-3,-6,-4,-3,-5,-5,0
P,0,3,-1,1,-2,-1,2,-3,-2,-2,-1,0,-2,-5,3,0,-1,-5,-4,-1
S,-1,-1,3,2,-1,1,2,0,3,-3,-5,2,-4,-5,-2,1,0,-5,-3,-4
R,1,6,0,1,-3,0,-1,-2,-1,-5,-4,1,-3,-3,-3,-1,-2,-3,-1,-5
T,1,-1,-2,-1,0,3,2,-2,0,-1,0,0,1,-3,1,0,-1,-4,-3,1
V,-3,-6,-4,-1,-5,-3,-3,-4,-6,3,-1,-5,0,-4,-2,-1,-1,-6,-4,6
D,0,-2,-1,2,-2,-1,0,-2,-2,-3,-3,0,1,-4,2,3,3,-6,-4,-2
T,0,0,-1,0,-2,0,1,-3,1,-2,-2,1,-2,0,1,1,2,-1,1,-1
K,0,-1,0,1,-6,2,5,-3,-1,-3,-3,1,-3,-5,-2,0,-2,-3,-3,-4
Q,-2,1,-2,2,-5,3,4,-5,-1,1,0,0,1,-3,-4,-2,-2,-5,-4,0
A,3,-4,-3,-3,-3,-4,-3,4,-4,1,-1,-3,-1,-4,-3,-1,-1,-6,-5,0
Q,-2,2,0,0,-1,3,3,-4,0,-1,0,3,-1,-3,-2,-2,-2,-5,-3,-1
D,1,0,0,0,-4,3,2,-1,1,-2,-1,2,-1,-4,-3,0,-1,-5,-3,-2
L,-4,-4,-4,-5,-1,-5,-3,-6,-3,-1,4,-2,3,4,-5,-4,-3,5,2,-1
A,5,-1,0,-3,5,-1,-5,-3,0,-2,-2,-3,-2,-2,-4,0,-2,-6,-1,-1
R,-1,3,1,1,-5,2,2,-3,-1,-3,-2,4,-2,-5,-3,-1,-1,-2,-4,-3
S,-2,2,0,2,-3,2,3,-2,-1,-3,-3,2,-1,-3,-1,2,-1,-5,-3,-3
Y,-4,1,1,-4,-2,-1,1,-4,3,2,2,0,1,1,-4,-3,-2,4,1,-2
G,-2,0,3,1,-2,0,0,4,0,-5,-4,2,-2,-4,-3,0,-1,-6,-4,-3
I,1,-4,-5,-4,5,-5,-4,-5,-2,3,2,-5,3,1,-5,-2,-2,5,-1,2
P,0,0,-2,-2,2,1,0,-2,2,-2,0,2,0,-1,3,0,1,-1,0,-3
F,-5,-4,-5,-6,4,-6,-5,-6,1,1,-1,-5,-4,6,-2,-4,-3,2,6,-1
I,-4,-3,-5,-6,0,1,-5,-5,1,2,1,-3,4,4,-5,-4,-2,2,3,2
E,-1,-2,-4,-2,-1,-1,7,-4,-1,-7,-6,-2,0,-2,-2,0,-3,-7,-4,-6
T,-1,-7,-6,-7,8,-6,-6,-6,-7,1,-4,-6,-3,-6,-6,-3,6,-7,-6,2
S,-4,-3,-2,-3,4,-5,-5,-6,-6,-7,-8,-6,-7,-8,-6,7,-2,-8,-7,-7
A,7,-6,-6,-6,2,-6,-6,-3,-6,-5,-6,-5,-6,-7,-3,0,-2,-7,-6,0
K,-1,1,-5,-5,-4,-3,-3,-6,-3,-2,2,6,-1,-4,-5,-2,0,-6,-4,0
T,-2,-3,2,2,-2,-1,2,-5,-1,-4,-1,0,0,-3,-5,1,4,-2,-1,-4
R,0,2,3,-1,-4,1,-3,4,0,-6,-2,0,-1,-4,-3,1,-3,-6,-3,-5
Q,-2,0,-1,1,-2,2,2,-4,1,1,-1,0,0,0,-2,0,1,-1,2,-1
G,-5,-3,7,-2,-5,-3,-3,4,-1,-8,-6,-4,-5,-8,-7,-1,-3,-8,-6,-8
V,-4,-7,-7,-7,-5,-6,-7,-7,-7,4,2,-7,-3,-1,-7,-6,-3,-6,0,6
D,-2,-1,2,3,-2,1,3,-2,-1,-2,-3,1,-4,-3,-2,0,-1,-5,1,-2
D,-1,-1,0,2,-3,2,6,-4,-3,-3,-2,1,-2,-5,-3,-1,-2,-6,-5,-5
A,3,-5,-5,-5,0,-4,-5,1,-5,1,1,-4,1,-3,1,-1,-1,-5,-4,3
F,-5,-4,-8,-9,-7,-8,-8,-8,-6,1,0,-8,2,9,-8,-6,-5,-4,-1,-3
Y,-3,1,0,3,-4,2,2,-4,1,-1,-1,-1,0,-1,-4,-1,0,-4,3,-2
T,-1,0,-1,0,0,0,2,-3,1,-2,-2,0,-2,-1,-5,-1,2,8,1,-2
L,2,-6,-7,-7,0,-6,-6,-6,-6,3,5,-6,2,-3,-6,-5,-3,-6,-5,2
V,3,-4,-3,-5,2,0,-4,-3,-5,2,0,-3,-1,-3,-4,1,1,-5,-3,3
R,-1,5,0,-1,-3,2,1,-4,1,-4,-4,4,-4,-6,-5,0,0,-6,-5,-5
E,1,0,0,1,-1,2,3,-4,-1,-1,-2,2,-2,-2,-3,0,0,-4,0,-2
I,-5,-7,-7,-7,-5,-6,-7,-8,-7,6,3,-7,1,-4,-7,-6,-5,-6,-5,4
R,-3,5,-3,-3,-6,3,-2,-4,2,-5,-5,5,-4,-5,-4,-3,-3,-5,-4,-5
